,class,score,x1,y1,x2,y2,frame_num,imdb_id,pct_of_frame,instance_num,instance_id,frame_id
0,tv,0.61044216,0,15,480,270,8298,55614,0.9444444444444444,0,55614_8298_0,55614_8298
1,tv,0.6987774999999999,0,9,480,270,8307,55614,0.9666666666666668,0,55614_8307_0,55614_8307
2,tv,0.89487946,0,9,480,270,8316,55614,0.9666666666666668,0,55614_8316_0,55614_8316
3,tv,0.8057175,0,4,477,267,8325,55614,0.9679861111111112,0,55614_8325_0,55614_8325
4,tv,0.5190001000000001,0,0,457,256,8334,55614,0.902716049382716,0,55614_8334_0,55614_8334
5,person,0.8415725000000001,275,204,299,244,8361,55614,0.0074074074074074,0,55614_8361_0,55614_8361
